"size","bed room","total bathroom","attached bathroom","kitchen","varanda","dining room","drawing room","floor","lift","security","gasline","rent","area","city"
1250,3,3,1,1,0,1,1,4,1,1,1,13000,"Ganginarpar","Mymensingh"
950,3,2,2,1,0,1,0,3,1,1,1,9500,"Boro Bazar","Mymensingh"
800,3,2,2,1,0,1,0,2,1,0,1,8000,"Choto Bazar","Mymensingh"
1350,3,3,1,1,0,1,1,2,0,1,0,15000,"Fulbaria","Mymensingh"
1250,3,3,3,1,1,1,1,3,1,1,1,13000,"Ganginarpar","Mymensingh"
1400,3,3,1,1,1,1,1,3,1,1,1,13000,"Fulbaria","Mymensingh"
3000,5,4,2,1,1,1,1,3,0,25000,"Brahmaputra Ghat","Mymensingh"
950,3,3,1,1,0,1,0,2,1,0,1,9000,"Kachari Bazar","Mymensingh"
1500,3,2,1,1,1,1,1,3,1,1,1,16000,"Charpara","Mymensingh"
1100,2,2,1,1,1,1,1,3,1,1,1,12000,"Ganginarpar","Mymensingh"
1540,3,2,1,1,1,1,0,4,1,0,1,17000,"Ganginarpar","Mymensingh"
1250,3,3,1,1,2,1,0,3,0,13000,"Fulbaria","Mymensingh"
600,1,1,0,1,1,1,0,4,0,1,6000,"Choto Bazar","Mymensingh"
2500,4,4,3,1,1,1,1,3,0,1,0,20000,"Brahmaputra Ghat","Mymensingh"
1700,3,3,0,1,1,1,1,3,1,0,1,17000,"Boro Bazar","Mymensingh"
1700,3,3,0,1,0,1,0,4,1,1,1,16000,"Fulbaria","Mymensingh"
1250,3,3,0,1,1,1,0,4,1,1,0,13000,"Kachijhuli","Mymensingh"
1000,2,2,1,1,2,1,1,4,1,1,1,13000,"Kachari Bazar","Mymensingh"
4000,4,5,1,1,2,1,1,2,1,0,1,17000,"Kachari Bazar","Mymensingh"
2200,3,4,1,1,1,1,1,3,1,1,0,22000,"TownHall","Mymensingh"
1100,2,2,1,1,1,1,0,2,0,1,0,12000,"Charpara","Mymensingh"
1200,3,3,0,1,1,1,1,3,0,15000,"Kachijhuli","Mymensingh"
1340,3,3,4,1,1,1,1,1,0,1,1,14000,"Brahmaputra Ghat","Mymensingh"
1050,2,2,1,1,1,1,1,3,0,1,0,10000,"Ganginarpar","Mymensingh"
1100,3,2,1,1,1,1,1,1,0,1,0,12000,"Ganginarpar","Mymensingh"
700,2,2,2,1,2,1,1,4,1,0,7000,"Choto Bazar","Mymensingh"
1250,3,3,1,1,1,1,1,1,1,0,13000,"Fulbaria","Mymensingh"
1100,2,2,1,1,2,1,1,4,0,1,13000,"Kachari Bazar","Mymensingh"
2200,3,4,0,1,1,1,1,2,0,1,20000,"Boro Bazar","Mymensingh"
800,2,2,2,1,2,1,1,3,1,0,7500,"Kachari Bazar","Mymensingh"
600,1,1,0,1,2,1,1,1,0,1,0,5000,"Boro Bazar","Mymensingh"
980,2,2,0,1,1,1,0,4,0,1,8000,"Kachijhuli","Mymensingh"
720,2,2,1,1,1,1,0,1,0,1,1,5000,"Kachijhuli","Mymensingh"
800,2,2,0,1,2,1,1,1,1,0,5000,"Fulbaria","Mymensingh"
1350,3,3,0,1,2,1,1,3,1,1,1,18000,"Brahmaputra Ghat","Mymensingh"
3000,3,4,0,1,1,1,1,1,1,0,1,26000,"Brahmaputra Ghat","Mymensingh"
1400,3,3,2,1,2,1,1,2,0,1,1,15000,"Kachari Bazar","Mymensingh"
1460,3,2,0,1,2,1,1,2,1,1,0,15000,"Brahmaputra Ghat","Mymensingh"
1250,3,3,0,1,1,1,0,2,0,1,0,13000,"Station Road","Mymensingh"
2000,3,4,0,1,1,1,0,3,0,20000,"Fulbaria","Mymensingh"
2500,3,4,1,1,2,1,0,2,0,1,1,23000,"Fulbaria","Mymensingh"
8000,4,5,0,1,2,1,1,4,0,1,1,30000,"Brahmaputra Ghat","Mymensingh"
1350,3,3,1,1,2,1,1,3,1,0,1,14000,"TownHall","Mymensingh"
2400,3,4,1,1,1,1,1,3,1,1,1,22000,"Fulbaria","Mymensingh"
2200,3,4,0,1,1,1,1,3,1,1,1,22000,"Boro Bazar","Mymensingh"
1665,3,3,2,1,1,1,1,1,0,18000,"Charpara","Mymensingh"
850,3,2,0,1,2,1,1,3,1,1,0,7500,"Station Road","Mymensingh"
1500,3,2,1,1,2,1,1,4,1,0,18000,"Charpara","Mymensingh"
600,1,1,0,1,2,1,1,4,0,1,1,7000,"Charpara","Mymensingh"
750,2,2,0,1,2,1,1,4,1,0,8000,"Kachijhuli","Mymensingh"
1250,3,3,0,1,1,1,0,1,0,1,13000,"Ganginarpar","Mymensingh"
3600,5,4,3,1,1,1,0,2,1,0,1,17000,"Kachari Bazar","Mymensingh"
1350,3,3,2,1,1,1,0,1,1,0,1,14000,"Charpara","Mymensingh"
850,2,1,0,1,2,1,1,1,0,1,7500,"Charpara","Mymensingh"
1200,3,3,2,1,2,1,1,1,0,1,0,13000,"Charpara","Mymensingh"
1500,3,2,1,1,2,1,0,1,1,1,1,14000,"Charpara","Mymensingh"
900,2,1,0,1,0,0,0,4,1,1,0,8000,"Kachijhuli","Mymensingh"
1660,3,3,2,1,0,0,0,4,1,0,1,17000,"Boro Bazar","Mymensingh"
1800,3,3,1,1,0,1,0,2,1,1,0,17000,"TownHall","Mymensingh"
2100,4,3,2,1,0,1,0,3,1,0,1,20000,"Station Road","Mymensingh"
1250,2,2,1,1,1,0,0,4,0,15000,"Fulbaria","Mymensingh"
1850,3,4,2,1,1,0,0,1,1,0,13000,"Kachijhuli","Mymensingh"
1850,3,4,4,1,1,1,1,4,1,0,1,20000,"Boro Bazar","Mymensingh"
1450,3,3,0,1,1,1,0,2,0,1,0,16000,"Ganginarpar","Mymensingh"
2000,4,3,2,1,1,1,0,2,0,1,0,19000,"Charpara","Mymensingh"
880,2,2,1,1,1,1,0,2,1,0,1,8000,"Choto Bazar","Mymensingh"
1350,3,3,2,1,1,1,1,3,0,1,1,17000,"Ganginarpar","Mymensingh"
1000,2,2,1,1,1,1,1,3,1,1,0,10000,"Boro Bazar","Mymensingh"
3600,5,4,3,1,1,1,1,1,1,1,0,30000,"Charpara","Mymensingh"
800,2,2,1,1,0,0,0,3,1,1,0,6000,"TownHall","Mymensingh"
1100,2,2,1,1,0,0,0,4,0,1,0,15000,"Station Road","Mymensingh"
1850,3,3,2,1,0,0,0,2,0,1,0,20000,"Fulbaria","Mymensingh"
2400,3,3,0,1,0,1,1,1,1,0,22000,"Choto Bazar","Mymensingh"
1300,3,3,1,1,0,1,0,3,1,1,1,15000,"Kachari Bazar","Mymensingh"
1500,3,2,1,1,0,1,1,4,1,0,18000,"Kachari Bazar","Mymensingh"
1200,3,3,1,1,0,1,1,1,0,1,1,13000,"Ganginarpar","Mymensingh"
1350,3,3,3,1,2,1,1,2,1,1,0,16000,"Kachijhuli","Mymensingh"
3500,5,5,2,1,2,1,1,2,1,0,25000,"Fulbaria","Mymensingh"
2600,5,4,2,1,2,1,1,3,0,1,0,23000,"Boro Bazar","Mymensingh"
900,2,1,0,1,2,1,1,4,1,1,0,9000,"Boro Bazar","Mymensingh"
1350,3,3,2,1,2,1,1,4,1,1,0,17000,"Choto Bazar","Mymensingh"
1350,3,3,1,1,0,0,0,4,0,1,1,18000,"Brahmaputra Ghat","Mymensingh"
1500,3,2,1,1,0,0,0,1,0,1,0,20000,"Charpara","Mymensingh"
850,2,2,1,1,0,1,0,4,1,1,1,7000,"Fulbaria","Mymensingh"
850,2,2,1,1,0,1,0,4,0,1,7500,"Ganginarpar","Mymensingh"
1150,2,2,1,1,1,1,0,1,0,1,1,13000,"Charpara","Mymensingh"
1200,3,2,3,1,1,1,0,4,0,1,1,13000,"Kachijhuli","Mymensingh"
950,2,2,2,1,1,1,1,3,1,1,0,10000,"Charpara","Mymensingh"
1400,3,3,3,1,1,1,1,4,0,1,0,18000,"Charpara","Mymensingh"
2090,3,3,2,1,1,1,1,2,1,1,1,23000,"Kachari Bazar","Mymensingh"
2000,3,3,0,1,2,1,0,1,1,0,20000,"TownHall","Mymensingh"
850,2,2,2,1,2,1,0,4,0,8500,"TownHall","Mymensingh"
1100,2,2,1,1,2,1,1,3,1,1,0,13000,"Brahmaputra Ghat","Mymensingh"
1070,2,2,0,1,2,1,1,2,1,1,0,15000,"Station Road","Mymensingh"
1250,3,2,0,1,1,1,0,2,1,0,1,18000,"Boro Bazar","Mymensingh"
1400,3,2,1,1,0,1,0,3,0,1,0,19000,"Charpara","Mymensingh"
1250,3,2,0,1,0,1,0,3,0,1,18000,"Ganginarpar","Mymensingh"
1150,3,2,1,1,0,1,0,1,1,1,0,15000,"Kachari Bazar","Mymensingh"
1200,3,3,0,1,0,1,0,4,0,1,12000,"Fulbaria","Mymensingh"
800,2,2,0,1,0,1,0,3,1,1,1,8000,"Station Road","Mymensingh"
1200,3,3,0,1,0,1,0,4,0,1,12000,"Fulbaria","Mymensingh"
800,2,2,0,1,0,1,0,3,1,1,1,8000,"Station Road","Mymensingh"
800,2,2,0,1,2,1,0,4,0,1,0,9000,"Kachari Bazar","Mymensingh"
1400,3,3,1,1,2,1,1,4,0,1,1,15000,"TownHall","Mymensingh"
700,1,1,0,1,2,1,1,3,1,1,1,7000,"Boro Bazar","Mymensingh"
1460,3,3,2,1,2,1,1,3,0,1,0,19000,"Brahmaputra Ghat","Mymensingh"
1700,3,3,1,1,1,1,1,2,1,1,1,18000,"TownHall","Mymensingh"
800,2,1,1,1,1,1,1,3,0,1,1,7000,"Fulbaria","Mymensingh"
1200,3,3,1,1,1,1,0,2,1,1,1,14000,"Station Road","Mymensingh"
2530,4,4,3,1,1,1,0,2,0,1,1,20000,"Fulbaria","Mymensingh"
900,2,1,0,1,1,1,0,3,1,0,1,9000,"Brahmaputra Ghat","Mymensingh"
650,1,1,0,1,1,1,0,3,0,7000,"TownHall","Mymensingh"
2000,3,3,4,1,1,1,0,3,1,1,1,17000,"Ganginarpar","Mymensingh"
1500,3,2,1,1,1,1,0,4,0,15000,"Boro Bazar","Mymensingh"
720,2,2,2,1,1,1,0,4,0,1,1,8000,"Boro Bazar","Mymensingh"
1200,3,2,3,1,2,1,0,4,1,1,1,13000,"TownHall","Mymensingh"
1200,3,3,1,1,1,1,0,3,1,0,13000,"Boro Bazar","Mymensingh"
1350,3,2,2,1,2,1,1,2,0,1,1,13000,"Station Road","Mymensingh"
800,2,2,3,1,1,1,1,4,0,8000,"Fulbaria","Mymensingh"
1200,3,3,1,1,1,1,1,4,1,0,13000,"Charpara","Mymensingh"
1250,2,2,2,1,1,1,1,1,1,1,1,13000,"Station Road","Mymensingh"
1300,3,3,1,1,2,1,1,3,1,1,1,13000,"Brahmaputra Ghat","Mymensingh"
850,2,2,2,1,2,1,1,2,0,8500,"Ganginarpar","Mymensingh"
2200,4,4,1,1,3,1,1,1,0,20000,"Choto Bazar","Mymensingh"
1100,3,2,0,1,3,1,1,4,1,0,12000,"Boro Bazar","Mymensingh"
1400,3,3,2,1,2,1,1,1,0,1,0,15000,"Kachijhuli","Mymensingh"
1300,3,3,1,1,2,1,1,1,1,1,0,16000,"Charpara","Mymensingh"
1850,3,3,2,1,2,1,0,1,1,0,1,17000,"Ganginarpar","Mymensingh"
1680,3,3,2,1,2,1,0,3,0,1,0,18000,"Boro Bazar","Mymensingh"
1887,3,3,2,1,2,1,1,4,0,1,18000,"Charpara","Mymensingh"
1300,3,3,0,1,2,1,1,4,0,15000,"Choto Bazar","Mymensingh"
750,2,1,2,1,2,1,1,2,0,1,0,8000,"Station Road","Mymensingh"
1400,3,3,4,1,2,1,0,3,0,1,1,15500,"Boro Bazar","Mymensingh"
1400,3,3,0,1,1,1,0,3,1,0,1,15000,"TownHall","Mymensingh"
1500,3,2,1,1,2,1,0,2,1,1,1,17000,"Brahmaputra Ghat","Mymensingh"
850,2,2,1,1,1,1,1,3,1,0,1,9000,"Station Road","Mymensingh"
1550,3,4,2,1,1,1,1,2,1,0,1,17000,"TownHall","Mymensingh"
900,2,1,0,1,1,1,0,1,0,1,9000,"Brahmaputra Ghat","Mymensingh"
2100,4,4,1,1,1,1,1,2,0,1,1,19000,"Station Road","Mymensingh"
2250,2,3,0,1,1,1,1,1,0,1,20000,"Station Road","Mymensingh"
1630,3,3,2,1,3,1,1,1,1,1,1,18000,"Boro Bazar","Mymensingh"
1800,4,3,0,1,2,1,1,2,0,1,0,17000,"Kachijhuli","Mymensingh"
850,2,2,0,1,2,1,1,4,1,0,1,8500,"Kachari Bazar","Mymensingh"
720,2,2,1,1,2,1,1,4,1,1,0,7500,"Kachari Bazar","Mymensingh"
2300,4,4,1,1,0,1,1,3,0,1,20000,"Choto Bazar","Mymensingh"
1050,3,2,2,1,1,1,1,1,1,0,12000,"Kachijhuli","Mymensingh"
3200,6,5,4,1,1,1,1,1,0,1,1,27000,"Boro Bazar","Mymensingh"
1400,3,2,0,1,2,1,1,2,0,1,18000,"Station Road","Mymensingh"
950,2,2,1,1,1,1,0,4,1,1,1,9000,"Brahmaputra Ghat","Mymensingh"
2250,3,5,0,1,1,1,0,1,1,1,1,23000,"Brahmaputra Ghat","Mymensingh"
1600,3,3,1,1,1,1,1,2,1,0,1,15000,"Fulbaria","Mymensingh"
1350,3,2,1,1,1,1,1,2,0,1,1,14000,"Kachari Bazar","Mymensingh"
800,1,1,1,1,1,1,1,3,0,1,0,8000,"Choto Bazar","Mymensingh"
1650,3,3,2,1,2,1,1,3,1,0,1,20000,"Boro Bazar","Mymensingh"
1700,3,4,0,1,1,1,0,2,1,1,1,18000,"Kachari Bazar","Mymensingh"
1800,3,3,1,1,1,1,1,1,0,19000,"Charpara","Mymensingh"
1200,3,3,2,1,4,1,1,1,1,0,13000,"Choto Bazar","Mymensingh"
2900,4,4,2,1,0,1,0,2,1,1,0,25000,"Kachari Bazar","Mymensingh"
1200,3,2,0,1,3,1,1,3,1,0,13000,"Kachari Bazar","Mymensingh"
600,1,1,0,1,2,1,1,1,0,1,6000,"Ganginarpar","Mymensingh"
1600,3,3,1,1,4,1,1,3,1,0,1,18000,"Boro Bazar","Mymensingh"
2450,3,3,0,1,1,1,1,1,1,1,1,20000,"Kachijhuli","Mymensingh"
1000,3,2,0,1,1,1,1,3,0,1,10000,"Boro Bazar","Mymensingh"
850,2,2,1,1,2,1,1,1,0,8500,"Kachijhuli","Mymensingh"
1200,3,3,0,1,3,1,1,2,0,1,1,13000,"Ganginarpar","Mymensingh"
750,2,2,1,1,3,1,1,3,1,1,1,7500,"Ganginarpar","Mymensingh"
1210,3,3,3,1,2,1,1,4,1,0,1,13000,"Charpara","Mymensingh"
1350,3,3,1,1,2,1,1,4,0,1,17000,"Choto Bazar","Mymensingh"
1610,3,3,1,1,2,1,0,4,0,1,0,17000,"Kachijhuli","Mymensingh"
1654,3,3,2,1,2,1,0,3,0,15000,"Brahmaputra Ghat","Mymensingh"
1650,3,3,2,1,2,1,1,2,1,0,1,17000,"TownHall","Mymensingh"
850,1,1,0,1,2,1,1,1,1,1,0,8500,"Boro Bazar","Mymensingh"
1200,3,3,0,1,2,1,1,1,1,0,13000,"TownHall","Mymensingh"
800,2,2,2,1,2,1,1,3,0,1,1,8000,"Ganginarpar","Mymensingh"
1200,3,3,1,1,2,1,1,3,1,0,1,13000,"Kachari Bazar","Mymensingh"
1650,3,4,1,1,2,1,1,4,1,0,17000,"Charpara","Mymensingh"
1500,3,2,1,1,2,1,1,2,0,15000,"Kachari Bazar","Mymensingh"
2200,4,5,0,1,2,1,1,2,0,1,1,20000,"Charpara","Mymensingh"
1347,3,3,2,1,2,1,1,1,0,14500,"Kachari Bazar","Mymensingh"
1200,3,2,1,1,2,1,1,4,1,1,1,13000,"Choto Bazar","Mymensingh"
1500,3,2,1,1,2,1,1,2,1,0,1,17000,"Kachijhuli","Mymensingh"
1050,3,2,2,1,2,1,1,3,1,0,12000,"TownHall","Mymensingh"
1100,3,2,0,1,2,1,1,2,0,12000,"Ganginarpar","Mymensingh"
1684,3,3,2,1,2,1,1,1,1,1,1,18000,"TownHall","Mymensingh"
1125,3,2,1,1,1,1,1,4,1,0,1,20000,"TownHall","Mymensingh"
2481,3,3,1,1,0,1,1,3,1,0,12000,"Station Road","Mymensingh"
1884,4,3,2,1,0,1,1,4,1,0,1,23000,"Choto Bazar","Mymensingh"
1970,3,3,2,1,0,1,1,1,1,0,1,17000,"Brahmaputra Ghat","Mymensingh"
874,2,1,0,1,0,1,1,2,1,0,1,18000,"Brahmaputra Ghat","Mymensingh"
1332,2,3,1,1,1,1,1,1,1,0,1,8000,"Station Road","Mymensingh"
1860,2,4,2,1,1,1,1,2,0,1,1,13000,"Police Line","Mymensingh"
1439,3,3,2,1,1,1,1,2,0,18000,"Ganginarpar","Mymensingh"
1424,3,3,2,1,0,1,1,1,0,13000,"Kachari Bazar","Mymensingh"
1337,3,2,2,1,1,1,1,1,1,1,1,13000,"TownHall","Mymensingh"
2022,4,3,1,1,1,1,1,4,0,1,1,14000,"TownHall","Mymensingh"
1253,3,2,1,1,1,1,1,2,0,1,1,18000,"Police Line","Mymensingh"
2459,3,3,0,1,2,1,1,1,1,0,1,12000,"Charpara","Mymensingh"
1800,2,2,1,1,1,1,1,4,0,1,0,20000,"Kachari Bazar","Mymensingh"
1618,2,2,0,1,1,1,1,2,1,0,16000,"Boro Bazar","Mymensingh"
2020,2,3,3,1,1,1,1,2,1,1,0,15000,"Kachari Bazar","Mymensingh"
926,2,1,0,1,0,1,1,3,0,1,18000,"Police Line","Mymensingh"
1481,3,3,2,1,1,1,1,4,0,9000,"Choto Bazar","Mymensingh"
1746,3,3,2,1,2,1,1,4,1,0,1,13000,"Charpara","Mymensingh"
1307,2,2,1,1,2,1,1,1,0,1,0,16000,"Station Road","Mymensingh"
2037,4,2,1,1,1,1,1,4,1,1,1,13000,"TownHall","Mymensingh"
2190,2,3,3,1,1,1,1,2,1,0,1,19000,"Kachijhuli","Mymensingh"
2135,4,3,1,1,1,1,1,4,0,1,0,20000,"Brahmaputra Ghat","Mymensingh"
1337,3,3,1,1,1,1,1,1,0,1,0,20000,"Kachijhuli","Mymensingh"
1259,2,2,1,1,1,1,1,3,0,1,1,12000,"Station Road","Mymensingh"
2377,4,4,3,1,1,1,1,4,0,1,1,12500,"Boro Bazar","Mymensingh"
1601,2,3,3,1,2,1,1,1,1,1,1,12000,"Ganginarpar","Mymensingh"
1837,3,3,2,1,1,1,1,4,1,1,0,15000,"Kachijhuli","Mymensingh"
1548,3,2,1,1,2,1,1,4,0,17000,"Boro Bazar","Mymensingh"
2349,4,4,3,1,1,1,1,2,1,0,15000,"Kachijhuli","Mymensingh"
2429,4,4,3,1,2,1,1,3,1,1,0,22000,"TownHall","Mymensingh"
2493,4,4,3,1,2,1,1,1,1,0,22000,"Boro Bazar","Mymensingh"
1776,3,3,2,1,1,1,1,2,0,1,1,23000,"Ganginarpar","Mymensingh"
1185,2,2,0,1,1,1,1,2,1,0,1,17000,"Station Road","Mymensingh"
1182,2,2,1,1,2,1,1,3,0,1,0,12000,"Choto Bazar","Mymensingh"
2388,5,4,3,1,2,1,1,3,1,1,1,12000,"Ganginarpar","Mymensingh"
1738,2,3,0,1,1,1,1,3,0,1,22000,"TownHall","Mymensingh"
905,2,1,0,1,2,1,1,3,1,0,1,16000,"Brahmaputra Ghat","Mymensingh"
1314,3,3,2,1,2,1,1,3,0,1,9000,"Brahmaputra Ghat","Mymensingh"
1324,3,3,1,1,1,1,1,3,1,1,0,12000,"Kachari Bazar","Mymensingh"
1547,3,2,1,1,1,1,1,2,1,0,1,13000,"Ganginarpar","Mymensingh"
2166,4,3,1,1,2,1,1,2,0,1,1,14000,"Brahmaputra Ghat","Mymensingh"
2441,5,4,3,1,2,1,1,1,1,0,20000,"Choto Bazar","Mymensingh"
970,2,1,0,1,2,1,1,1,0,23000,"Station Road","Mymensingh"
2148,4,4,1,1,1,1,1,4,0,1,9000,"Brahmaputra Ghat","Mymensingh"
2039,4,3,2,1,1,1,1,2,1,0,1,19000,"Ganginarpar","Mymensingh"
2037,4,3,2,1,1,1,1,4,1,1,0,20000,"Station Road","Mymensingh"
1720,3,2,1,1,2,1,1,1,1,0,20000,"Choto Bazar","Mymensingh"
1960,3,3,2,1,2,1,1,1,0,1,0,17000,"Charpara","Mymensingh"
1374,3,2,1,1,2,1,1,4,0,1,18000,"Kachijhuli","Mymensingh"
2274,4,4,3,1,2,1,1,2,0,1,0,12000,"Boro Bazar","Mymensingh"
1298,2,2,1,1,1,1,1,2,1,1,1,20000,"Boro Bazar","Mymensingh"
1089,2,2,1,1,1,1,1,3,0,1,0,12000,"Charpara","Mymensingh"
1054,3,2,1,1,1,1,1,4,1,0,10000,"Kachari Bazar","Mymensingh"
2332,4,3,1,1,2,1,1,3,1,1,1,10000,"Police Line","Mymensingh"
1213,2,1,0,1,2,1,1,3,0,1,1,20000,"Police Line","Mymensingh"
1376,2,2,1,1,2,1,1,3,0,1,1,10000,"Police Line","Mymensingh"
866,2,1,0,1,0,1,1,1,1,1,0,12000,"Kachari Bazar","Mymensingh"
1904,2,2,2,1,0,1,1,3,0,1,0,8000,"Charpara","Mymensingh"
1980,2,2,0,1,0,1,1,1,1,1,0,17000,"Kachijhuli","Mymensingh"
2295,4,4,3,1,0,1,1,2,1,1,1,18000,"Kachari Bazar","Mymensingh"
1785,3,3,2,1,1,1,1,4,1,1,0,20000,"Choto Bazar","Mymensingh"
1304,2,2,1,1,1,1,1,2,0,15000,"TownHall","Mymensingh"
1682,3,3,2,1,1,1,1,1,1,0,12000,"Kachari Bazar","Mymensingh"
1363,2,2,1,1,1,1,1,3,0,15000,"Ganginarpar","Mymensingh"
1703,3,3,2,1,1,1,1,2,1,0,12000,"Kachari Bazar","Mymensingh"
1229,2,2,1,1,1,1,1,1,1,1,0,16000,"Police Line","Mymensingh"
2146,4,3,2,1,1,1,1,1,0,1,0,12000,"TownHall","Mymensingh"
1805,3,3,2,1,1,1,1,3,1,0,1,18000,"Station Road","Mymensingh"
1018,2,1,0,1,1,1,1,4,0,1,1,17000,"Station Road","Mymensingh"
2432,5,4,3,1,0,1,1,1,0,1,1,9000,"Kachijhuli","Mymensingh"
1894,4,4,4,1,0,1,1,4,0,1,0,20000,"Ganginarpar","Mymensingh"
1145,2,1,0,1,0,1,1,1,0,1,17000,"Kachijhuli","Mymensingh"
1277,2,2,1,1,0,1,1,1,0,1,0,10000,"TownHall","Mymensingh"
1841,4,3,1,1,0,1,1,2,1,0,10000,"Choto Bazar","Mymensingh"
1823,4,3,1,1,0,1,1,3,0,15000,"Police Line","Mymensingh"
948,2,1,0,1,0,1,1,3,1,1,1,17000,"Brahmaputra Ghat","Mymensingh"
1355,3,2,1,1,2,1,1,4,0,9000,"Ganginarpar","Mymensingh"
2096,4,3,2,1,2,1,1,2,0,12000,"Brahmaputra Ghat","Mymensingh"
2322,5,4,3,1,2,1,1,4,0,1,1,17000,"TownHall","Mymensingh"
1151,2,1,0,1,2,1,1,1,1,0,1,20000,"TownHall","Mymensingh"
1082,3,4,4,1,2,1,1,2,1,0,10000,"Station Road","Mymensingh"
1785,3,3,2,1,0,1,1,4,1,1,0,9000,"Boro Bazar","Mymensingh"
1674,3,3,2,1,0,1,1,3,0,1,14000,"Kachari Bazar","Mymensingh"
1902,2,3,1,1,0,1,1,4,1,1,0,13000,"TownHall","Mymensingh"
833,3,3,2,1,0,1,1,3,1,0,1,17000,"TownHall","Mymensingh"
1695,3,3,2,1,1,1,1,2,0,8000,"TownHall","Mymensingh"
853,2,2,1,1,1,1,1,4,1,1,0,15000,"Boro Bazar","Mymensingh"
2306,5,5,4,1,1,1,1,3,0,8000,"TownHall","Mymensingh"
1354,3,3,0,1,1,1,1,1,0,1,0,20000,"Kachijhuli","Mymensingh"
844,2,1,0,1,1,1,1,3,0,12000,"Police Line","Mymensingh"
1002,2,3,0,1,2,1,1,3,1,0,8000,"Station Road","Mymensingh"
1739,3,3,2,1,2,1,1,4,1,1,1,10000,"Brahmaputra Ghat","Mymensingh"
1304,3,3,3,1,2,1,1,1,1,1,1,15000,"Boro Bazar","Mymensingh"
1810,4,4,2,1,2,1,1,2,1,0,12000,"TownHall","Mymensingh"
1248,2,1,0,1,1,1,1,3,1,0,15000,"Boro Bazar","Mymensingh"
1274,5,6,2,1,0,1,1,3,1,0,1,11000,"Kachijhuli","Mymensingh"
2312,4,5,0,1,0,1,1,3,1,0,11000,"Kachijhuli","Mymensingh"
1917,4,3,2,1,0,1,1,3,0,1,1,20000,"Choto Bazar","Mymensingh"
839,2,1,1,1,0,1,1,4,1,0,1,17000,"Ganginarpar","Mymensingh"
2057,5,5,3,1,0,1,1,2,1,1,0,8000,"Kachari Bazar","Mymensingh"
2367,5,4,3,1,2,1,1,3,0,1,0,17000,"Ganginarpar","Mymensingh"
1026,2,1,0,1,2,1,1,4,1,1,0,20000,"Boro Bazar","Mymensingh"
2299,5,5,2,1,2,1,1,2,0,9000,"Charpara","Mymensingh"
2099,4,4,3,1,2,1,1,2,0,1,0,17000,"Boro Bazar","Mymensingh"
2025,4,4,3,1,1,1,1,4,1,0,1,15000,"Brahmaputra Ghat","Mymensingh"
1455,3,4,3,1,1,1,1,4,0,1,18000,"TownHall","Mymensingh"
2060,4,3,2,1,1,1,1,2,0,1,1,12000,"TownHall","Mymensingh"
1174,2,1,0,1,1,1,1,1,1,0,17000,"Kachijhuli","Mymensingh"
2216,5,3,2,1,1,1,1,1,1,0,1,10000,"Ganginarpar","Mymensingh"
1648,3,2,1,1,1,1,1,2,0,18000,"Choto Bazar","Mymensingh"
850,1,1,0,1,1,1,1,2,0,1,15000,"Kachijhuli","Mymensingh"
2467,5,3,2,1,1,1,1,2,1,0,8000,"TownHall","Mymensingh"
1473,3,3,1,1,1,1,1,1,0,1,20000,"Charpara","Mymensingh"
826,2,1,0,1,2,1,1,2,1,1,1,12000,"Charpara","Mymensingh"
2173,4,4,2,1,1,1,1,4,0,1,0,7000,"Boro Bazar","Mymensingh"
1806,3,3,2,1,2,1,1,1,0,1,17000,"Charpara","Mymensingh"
2459,5,4,3,1,1,1,1,3,0,1,0,16000,"Kachijhuli","Mymensingh"
856,2,1,0,1,1,1,1,1,1,1,1,22000,"Boro Bazar","Mymensingh"
2349,5,4,4,1,1,1,1,1,1,0,7000,"Ganginarpar","Mymensingh"
1150,2,1,0,1,2,1,1,4,0,1,20000,"Kachari Bazar","Mymensingh"
1134,2,1,0,1,2,1,1,2,0,1,1,9000,"Boro Bazar","Mymensingh"
1050,2,1,0,1,3,1,1,2,0,1,0,9000,"Charpara","Mymensingh"
1721,3,3,2,1,3,1,1,4,0,1,1,9000,"Charpara","Mymensingh"
1785,2,2,1,1,2,1,1,1,0,1,15000,"Brahmaputra Ghat","Mymensingh"
2390,4,3,2,1,2,1,1,2,0,1,15000,"Choto Bazar","Mymensingh"
1592,3,2,1,1,2,1,1,2,0,1,19000,"Ganginarpar","Mymensingh"
2018,4,3,2,1,2,1,1,1,1,0,1,13000,"Station Road","Mymensingh"
2243,5,3,2,1,2,1,1,3,0,1,17000,"Choto Bazar","Mymensingh"
986,2,1,0,1,2,1,1,3,1,0,1,19000,"Ganginarpar","Mymensingh"
2426,5,3,1,1,2,1,1,1,1,0,8000,"Ganginarpar","Mymensingh"
1196,2,2,1,1,2,1,1,3,1,0,20000,"Police Line","Mymensingh"
958,2,1,1,1,1,1,1,1,0,1,1,10000,"Station Road","Mymensingh"
1470,3,2,1,1,2,1,1,2,1,1,1,8000,"TownHall","Mymensingh"
995,2,1,0,1,1,1,1,3,1,0,12000,"Brahmaputra Ghat","Mymensingh"
2375,5,4,3,1,1,1,1,3,0,1,8000,"Ganginarpar","Mymensingh"
1415,3,3,2,1,1,1,1,4,1,1,1,20000,"Kachijhuli","Mymensingh"
1479,2,3,2,1,1,1,1,2,0,1,1,12000,"TownHall","Mymensingh"
1305,3,3,2,1,1,1,1,1,1,1,1,12000,"Police Line","Mymensingh"
1286,2,2,1,1,3,1,1,3,0,1,1,11000,"Ganginarpar","Mymensingh"
1557,3,2,1,1,2,1,1,4,1,0,10000,"Brahmaputra Ghat","Mymensingh"
1258,3,3,2,1,2,1,1,4,1,0,1,13000,"Brahmaputra Ghat","Mymensingh"
1768,3,2,1,1,2,1,1,2,1,1,1,10000,"Ganginarpar","Mymensingh"
2447,5,3,2,1,0,1,1,1,0,15000,"Police Line","Mymensingh"
2159,5,4,2,1,1,1,1,3,1,1,1,20000,"Ganginarpar","Mymensingh"
1147,2,2,1,1,1,1,1,2,0,1,0,18000,"Kachari Bazar","Mymensingh"
1205,2,2,1,1,2,1,1,1,0,1,0,10000,"Choto Bazar","Mymensingh"
2087,4,4,3,1,1,1,1,4,1,1,0,10000,"Kachari Bazar","Mymensingh"
1416,3,3,2,1,1,1,1,4,1,0,18000,"Kachari Bazar","Mymensingh"
1338,2,2,1,1,1,1,1,2,1,1,0,12000,"Ganginarpar","Mymensingh"
2320,4,4,2,1,1,1,1,1,0,1,12000,"Brahmaputra Ghat","Mymensingh"
2292,3,3,1,1,1,1,1,2,0,20000,"Choto Bazar","Mymensingh"
1414,2,3,0,1,2,1,1,2,0,19000,"Boro Bazar","Mymensingh"
2349,5,4,3,1,1,1,1,1,1,0,1,13000,"Brahmaputra Ghat","Mymensingh"
1800,4,2,1,1,1,1,1,4,1,1,0,20000,"TownHall","Mymensingh"
868,2,3,0,1,4,1,1,3,1,1,0,16000,"TownHall","Mymensingh"
2232,4,3,2,1,0,1,1,4,0,7000,"TownHall","Mymensingh"
961,2,1,0,1,3,1,1,3,1,0,18000,"Station Road","Mymensingh"
2086,5,4,2,1,2,1,1,3,1,1,0,8000,"TownHall","Mymensingh"
1825,3,3,2,1,4,1,1,3,0,1,0,17000,"Choto Bazar","Mymensingh"
2371,4,4,1,1,1,1,1,1,1,0,1,17000,"Ganginarpar","Mymensingh"
1669,3,2,1,1,1,1,1,1,1,0,20000,"Ganginarpar","Mymensingh"
1735,2,3,3,1,2,1,1,1,1,0,15000,"Station Road","Mymensingh"
1594,3,2,1,1,3,1,1,2,1,0,15000,"TownHall","Mymensingh"
2110,5,4,2,1,3,1,1,2,1,0,1,14000,"Kachari Bazar","Mymensingh"
1578,3,2,1,1,2,1,1,2,1,1,0,18000,"TownHall","Mymensingh"
1654,3,2,1,1,2,1,1,4,1,0,1,14000,"Boro Bazar","Mymensingh"
1382,2,2,1,1,2,1,1,1,1,1,1,15000,"TownHall","Mymensingh"
1096,4,5,3,1,2,1,1,4,1,0,1,12000,"Charpara","Mymensingh"
2044,2,2,1,1,2,1,1,4,0,9000,"Police Line","Mymensingh"
1669,3,2,1,1,2,1,1,2,0,18000,"Choto Bazar","Mymensingh"
960,2,1,0,1,2,1,1,4,1,0,15000,"Ganginarpar","Mymensingh"
1837,3,3,2,1,2,1,1,2,1,0,8000,"Choto Bazar","Mymensingh"
2164,4,3,2,1,1,1,1,2,0,1,17000,"Station Road","Mymensingh"
820,2,1,0,1,2,1,1,2,0,1,0,18000,"TownHall","Mymensingh"
1814,3,3,2,1,1,1,1,3,1,1,1,7000,"Kachari Bazar","Mymensingh"
1091,2,2,1,1,1,1,1,1,0,16000,"Boro Bazar","Mymensingh"
2043,4,3,2,1,1,1,1,4,1,1,0,9000,"Kachari Bazar","Mymensingh"
937,2,1,0,1,2,1,1,2,0,1,18000,"Station Road","Mymensingh"
1983,4,3,2,1,2,1,1,3,0,8000,"Station Road","Mymensingh"
2147,3,3,3,1,2,1,1,1,1,0,1,18000,"Boro Bazar","Mymensingh"
1455,3,3,2,1,2,1,1,3,1,0,19000,"Police Line","Mymensingh"
2284,5,4,3,1,2,1,1,2,0,1,13000,"Kachari Bazar","Mymensingh"
1673,3,3,1,1,2,1,1,1,1,0,1,19000,"Brahmaputra Ghat","Mymensingh"
986,2,1,0,1,2,1,1,1,0,1,0,15000,"Brahmaputra Ghat","Mymensingh"
948,2,1,0,1,2,1,1,2,1,1,1,8000,"Ganginarpar","Mymensingh"
1655,3,3,2,1,2,1,1,1,0,1,1,8000,"Brahmaputra Ghat","Mymensingh"
1504,3,2,1,1,2,1,1,2,0,1,0,15000,"Station Road","Mymensingh"
1428,3,3,2,1,2,1,1,3,0,1,1,14000,"Ganginarpar","Mymensingh"
1998,3,3,2,1,2,1,1,4,0,1,13000,"Charpara","Mymensingh"
1848,3,3,2,1,2,1,1,3,1,1,0,17000,"Brahmaputra Ghat","Mymensingh"
1949,5,3,2,1,2,1,1,3,1,1,1,17000,"Charpara","Mymensingh"
1045,2,4,2,1,2,1,1,3,0,1,0,18000,"TownHall","Mymensingh"
1295,2,2,1,1,2,1,1,3,1,0,1,9000,"Station Road","Mymensingh"
1120,2,2,1,1,2,1,1,1,1,0,1,11000,"Ganginarpar","Mymensingh"
1859,3,3,2,1,2,1,1,2,1,0,1,10000,"Police Line","Mymensingh"
801,1,1,0,1,2,1,1,3,1,1,1,17000,"Kachijhuli","Mymensingh"
2110,4,4,3,1,2,1,1,1,1,0,7000,"Brahmaputra Ghat","Mymensingh"
2322,4,4,4,1,2,1,1,4,0,1,0,19000,"Boro Bazar","Mymensingh"
2407,2,3,1,1,2,1,1,1,0,1,1,20000,"Brahmaputra Ghat","Mymensingh"
1720,4,5,1,1,2,1,1,3,1,1,1,22000,"Choto Bazar","Mymensingh"
1216,2,2,1,1,1,1,1,2,1,0,15000,"Choto Bazar","Mymensingh"
1367,3,2,2,1,0,1,1,1,0,1,1,11000,"Ganginarpar","Mymensingh"
2220,5,4,3,1,0,1,1,4,1,0,12000,"Kachijhuli","Mymensingh"
2227,5,4,3,1,0,1,1,1,1,1,0,20000,"Choto Bazar","Mymensingh"
2140,5,4,2,1,0,1,1,3,0,20000,"Police Line","Mymensingh"
1146,2,2,1,1,1,1,1,3,1,0,1,19000,"Police Line","Mymensingh"
1998,3,3,2,1,1,1,1,3,1,0,10000,"TownHall","Mymensingh"
954,2,2,0,1,1,1,1,1,1,0,1,18000,"Choto Bazar","Mymensingh"
958,2,2,0,1,0,1,1,1,1,0,1,8500,"TownHall","Mymensingh"
1888,4,4,3,1,1,1,1,3,1,1,0,8500,"Kachari Bazar","Mymensingh"
2405,5,5,4,1,1,1,1,2,1,1,1,17000,"Police Line","Mymensingh"
1016,2,1,0,1,1,1,1,4,1,0,1,22000,"Boro Bazar","Mymensingh"
1337,3,2,1,1,2,1,1,3,1,0,1,9000,"Ganginarpar","Mymensingh"
1975,4,4,3,1,1,1,1,4,1,0,1,12000,"Boro Bazar","Mymensingh"
903,2,1,0,1,1,1,1,1,0,1,18000,"Kachijhuli","Mymensingh"
1706,3,3,2,1,1,1,1,1,1,1,1,8000,"Ganginarpar","Mymensingh"
1973,4,4,0,1,0,1,1,3,0,16000,"Boro Bazar","Mymensingh"
2293,2,2,0,1,1,1,1,2,0,1,1,17000,"Police Line","Mymensingh"
927,2,4,0,1,2,1,1,2,1,1,1,19000,"Police Line","Mymensingh"
1416,3,5,4,1,2,1,1,4,0,8000,"Station Road","Mymensingh"
2325,5,5,4,1,1,1,1,1,1,1,0,12000,"Boro Bazar","Mymensingh"
1823,4,3,2,1,1,1,1,4,0,1,0,21000,"Brahmaputra Ghat","Mymensingh"
2202,5,4,2,1,1,1,1,3,1,1,1,16000,"Charpara","Mymensingh"
1060,2,1,0,1,1,1,1,2,0,20000,"Charpara","Mymensingh"
1447,3,3,2,1,1,1,1,1,0,1,1,9000,"Station Road","Mymensingh"
991,1,1,0,1,1,1,1,2,1,1,1,12000,"Station Road","Mymensingh"
1888,4,4,3,1,2,1,1,4,1,0,1,9000,"Choto Bazar","Mymensingh"
954,2,2,1,1,1,1,1,3,0,16000,"Kachijhuli","Mymensingh"
1020,2,2,1,1,2,1,1,3,1,1,0,8000,"Police Line","Mymensingh"
1477,3,3,2,1,1,1,1,2,1,1,1,9000,"Choto Bazar","Mymensingh"
2186,3,3,2,1,2,1,1,4,1,1,1,12000,"Boro Bazar","Mymensingh"
1060,2,1,0,1,2,1,1,1,1,0,1,17000,"Kachari Bazar","Mymensingh"
1629,2,3,0,1,1,1,1,4,1,0,1,8000,"Ganginarpar","Mymensingh"
1992,4,3,2,1,1,1,1,4,0,1,15000,"Kachari Bazar","Mymensingh"
1345,2,2,2,1,2,1,1,3,1,0,17000,"Charpara","Mymensingh"
982,1,1,1,1,2,1,1,4,0,1,11000,"Choto Bazar","Mymensingh"
2002,5,4,3,1,1,1,1,3,0,1,0,9000,"Charpara","Mymensingh"
1088,2,2,0,1,2,1,1,2,0,17000,"TownHall","Mymensingh"
1347,2,2,1,1,2,1,1,3,0,1,1,9000,"Charpara","Mymensingh"
1325,3,3,1,1,1,1,1,1,1,0,1,12000,"TownHall","Mymensingh"
1644,3,3,1,1,1,1,1,2,0,1,12000,"Charpara","Mymensingh"
1214,2,2,1,1,2,1,1,3,0,1,15000,"Brahmaputra Ghat","Mymensingh"
2005,4,4,3,1,2,1,1,1,1,0,11000,"Charpara","Mymensingh"
829,1,1,0,1,2,1,1,3,0,1,1,18000,"Choto Bazar","Mymensingh"
2364,5,5,4,1,1,1,1,1,0,1,0,7000,"Charpara","Mymensingh"
2233,5,4,3,1,1,1,1,2,0,1,20000,"Police Line","Mymensingh"
1169,2,2,1,1,1,1,1,2,0,20000,"Choto Bazar","Mymensingh"
873,1,1,0,1,2,1,1,3,0,10000,"Charpara","Mymensingh"
1395,3,3,2,1,2,1,1,1,1,1,0,7000,"Kachari Bazar","Mymensingh"
1694,3,3,2,1,2,1,1,4,0,11000,"Kachari Bazar","Mymensingh"
1152,2,1,0,1,2,1,1,4,0,15000,"TownHall","Mymensingh"
2338,4,3,3,1,1,1,1,3,0,1,10000,"Station Road","Mymensingh"
1398,3,2,1,1,1,1,1,4,1,0,1,20000,"Kachari Bazar","Mymensingh"
1043,2,1,0,1,1,1,1,1,0,1,1,12000,"Ganginarpar","Mymensingh"
1444,3,2,1,1,2,1,1,2,0,1,0,9000,"Police Line","Mymensingh"
1712,2,2,1,1,2,1,1,1,0,1,0,12000,"Station Road","Mymensingh"
1285,2,2,1,1,2,1,1,2,1,0,16000,"Charpara","Mymensingh"
1010,1,1,0,1,0,1,1,4,1,0,10000,"Kachijhuli","Mymensingh"
1343,3,3,1,1,0,1,1,3,1,0,9000,"Police Line","Mymensingh"
1108,2,1,0,1,0,1,1,2,1,1,1,11000,"Kachari Bazar","Mymensingh"
832,2,1,0,1,0,1,1,3,1,1,1,10000,"Choto Bazar","Mymensingh"
1672,3,3,1,1,1,1,1,4,1,1,1,7000,"Brahmaputra Ghat","Mymensingh"
1618,3,3,2,1,1,1,1,2,0,1,0,15000,"Boro Bazar","Mymensingh"
1510,3,2,1,1,1,1,1,3,1,0,1,15000,"Police Line","Mymensingh"
1720,3,2,1,1,1,1,1,3,0,1,0,14000,"TownHall","Mymensingh"
2500,3,5,1,1,1,1,1,2,0,1,15000,"Boro Bazar","Mymensingh"
1046,2,1,0,1,1,1,1,4,0,1,22000,"Brahmaputra Ghat","Mymensingh"
1522,3,2,1,1,1,1,1,3,0,1,9000,"Boro Bazar","Mymensingh"
2145,5,4,3,1,1,1,1,2,1,1,0,14000,"TownHall","Mymensingh"
2251,5,4,3,1,1,1,1,4,1,1,0,20000,"Kachijhuli","Mymensingh"
2104,4,3,2,1,0,1,1,2,1,0,20000,"Kachari Bazar","Mymensingh"
2177,4,3,1,1,0,1,1,4,0,18000,"TownHall","Mymensingh"
827,2,1,0,1,0,1,1,1,1,0,1,18000,"Ganginarpar","Mymensingh"
1403,3,2,1,1,0,1,1,3,0,1,1,7000,"Kachijhuli","Mymensingh"
1728,3,2,1,1,0,1,1,2,1,1,1,13000,"Kachijhuli","Mymensingh"
919,2,1,0,1,0,1,1,2,1,1,0,16000,"Kachijhuli","Mymensingh"
1073,2,2,1,1,0,1,1,3,1,0,8000,"Station Road","Mymensingh"
1023,2,2,0,1,2,1,1,2,1,1,1,9000,"Charpara","Mymensingh"
1679,3,2,1,1,2,1,1,2,0,9000,"Kachari Bazar","Mymensingh"
2034,4,3,2,1,2,1,1,4,0,1,0,14000,"Station Road","Mymensingh"
2406,5,4,3,1,2,1,1,3,0,1,0,18000,"Police Line","Mymensingh"
1280,2,2,1,1,2,1,1,3,1,0,22000,"Choto Bazar","Mymensingh"
1922,4,4,1,1,0,1,1,2,0,1,10000,"TownHall","Mymensingh"
1728,3,2,1,1,0,1,1,4,0,1,18000,"Brahmaputra Ghat","Mymensingh"
2195,4,4,3,1,0,1,1,2,0,1,0,16000,"Kachari Bazar","Mymensingh"
2270,5,4,3,1,0,1,1,4,0,1,0,19000,"Station Road","Mymensingh"
963,2,2,0,1,1,1,1,3,0,1,1,20000,"Boro Bazar","Mymensingh"
1013,2,2,1,1,1,1,1,2,0,1,1,8000,"Choto Bazar","Mymensingh"
1830,3,3,2,1,1,1,1,1,0,9000,"Station Road","Mymensingh"
1921,3,2,1,1,1,1,1,1,1,0,1,17000,"TownHall","Mymensingh"
1793,3,3,1,1,1,1,1,2,1,1,1,17000,"Boro Bazar","Mymensingh"
1475,3,2,1,1,2,1,1,4,1,0,1,16000,"Boro Bazar","Mymensingh"
2046,5,5,4,1,2,1,1,4,1,1,0,13000,"Charpara","Mymensingh"
1222,2,2,1,1,2,1,1,3,0,18000,"Boro Bazar","Mymensingh"
1526,3,2,1,1,2,1,1,1,0,1,11000,"Brahmaputra Ghat","Mymensingh"
1862,4,2,1,1,1,1,1,3,0,14000,"Kachari Bazar","Mymensingh"
1875,4,3,2,1,0,1,1,1,1,0,17000,"TownHall","Mymensingh"
1004,3,2,0,1,0,1,1,1,0,1,0,17000,"Choto Bazar","Mymensingh"
900,2,1,0,1,0,1,1,1,0,1,0,9000,"Kachijhuli","Mymensingh"
